task	pos	total	pos_rate
visit_mort	5854	58976	0.09926071622354857
patient_mort	5813	46520	0.12495700773860705
visit_readm	3373	58976	0.05719275637547477
patient_readm	2642	46520	0.056792777300085986
