model	task	auroc	auprc	accuracy	f1	n
gcn	patient_mort	0.47682714690647166	-0.11631515553554019	0.12262224610424503	0.21845682557916907	9305
gcn	patient_readm	0.3774476728750966	-0.04130490316600031	0.0554540569586244	0.10508094898686489	9305
gcn	visit_mort	0.4917683336556521	-0.0969632487952239	0.09746985905926303	0.17762648924647995	11778
gcn	visit_readm	0.4759524593763724	-0.05843608812096629	0.9414161996943454		11778
graphsage	patient_mort	0.5080545358279719	-0.1274580672703155	0.877377753895755		9305
graphsage	patient_readm	0.48559774771318265	-0.05635127136935854	0.9445459430413756		9305
graphsage	visit_mort	0.5047729947128795	-0.09739798799851593	0.9025301409407369		11778
graphsage	visit_readm	0.4940597747662965	-0.0586830536897368	0.9414161996943454		11778
